,year,month,decision,currentRatio,quickRatio,cashRatio,daysOfSalesOutstanding,daysOfInventoryOutstanding,operatingCycle,daysOfPayablesOutstanding,cashConversionCycle,grossProfitMargin,operatingProfitMargin,pretaxProfitMargin,netProfitMargin,effectiveTaxRate,returnOnAssets,returnOnEquity,returnOnCapitalEmployed,netIncomePerEBT,ebtPerEbit,ebitPerRevenue,debtRatio,debtEquityRatio,longTermDebtToCapitalization,totalDebtToCapitalization,interestCoverage,cashFlowToDebtRatio,companyEquityMultiplier,receivablesTurnover,payablesTurnover,inventoryTurnover,fixedAssetTurnover,assetTurnover,operatingCashFlowPerShare,freeCashFlowPerShare,cashPerShare,payoutRatio,operatingCashFlowSalesRatio,freeCashFlowOperatingCashFlowRatio,cashFlowCoverageRatios,shortTermCoverageRatios,capitalExpenditureCoverageRatio,dividendPaidAndCapexCoverageRatio,dividendPayoutRatio,priceBookValueRatio,priceToBookRatio,priceToSalesRatio,priceEarningsRatio,priceToFreeCashFlowsRatio,priceToOperatingCashFlowsRatio,priceCashFlowRatio,priceEarningsToGrowthRatio,priceSalesRatio,dividendYield,enterpriseValueMultiple,priceFairValue
0,2000,06,,1.1361862535999327,0.9045238610790772,0.023506879564555973,191.7318414612089,11.900235868845732,59.17658033873286,52.247979265916484,6.928601072816378,0.6018125695660809,-0.2582888945672616,0.08351208864366018,0.05052603661065496,0.3949853556382028,0.021253460645950233,0.05119719103084211,0.046888607511389714,0.6050146443617972,1.0,0.08351208864366018,0.5848705716462694,1.4088872811683752,0.27070853963791186,0,0.0,0,2.4088872811683752,1.903700487192403,1.7225546569359995,7.5628753070025985,0.6845187432757721,0.4206437328485863,2.6224775860256013,1.2250493290687987,0.237731589998191,0.0,0.15460978339620446,0.4671343372377023,0,0,-1.8766455973465173,0.0,0.0,1.8735324661202577,1.8735324661202577,1.8489719468674872,36.59443864784706,25.60068338132913,11.958958264169445,11.958958264169445,8.402447794027857,1.8489719468674872,0.0,14.202779876349375,1.8735324661202577
1,2000,09,,1.201709828925458,0.974554900221792,0.062247346744253924,197.6805310023404,30.00026875871866,78.74341338943273,126.90567848778429,-48.16226509835155,0.8364902350747143,-0.04612286596288224,0.05738860652691422,0.03529385176331147,0.3850024613028497,0.014344570253566178,0.03399332710142492,0.030741967120460376,0.6149975386971503,1.0,0.05738860652691422,0.5780180559917923,1.3697696410928657,0.2763621693899553,0,0.0,0,2.3697696410928657,1.846413494284264,0.7091881235926196,2.9999731243689025,0.6714470039711561,0.40643255232566,1.0920841922093505,-0.09967312929587628,0.6177369258845855,0.0,0.06532857224169739,-0.09126872269273643,0,0,-0.916364575658754,0.0,0.0,2.0538192092424925,2.0538192092424925,2.132394705095155,60.41830513131506,-357.6370106148036,32.64107314646175,32.64107314646175,13.87264495446461,2.132394705095155,0.0,138.12144175101892,2.0538192092424925
2,2000,12,,1.3412688552712266,1.102591625577738,0.21692469619371246,199.3434745933591,31.142068427138128,80.29525394330886,142.26578667642067,-61.97053273311184,0.8335609502175827,-0.03189203666412594,0.06437856709025537,0.03959287596265598,0.3849991114721637,0.015520248741688569,0.037653830110124485,0.03328095735874698,0.6150008885278363,1.0,0.06437856709025537,0.5878175288862465,1.4261099636234205,0.30230594502022395,0,0.0,0,2.4261099636234205,1.8310105246462856,0.6326187209346568,2.8899814477824246,0.6788925232685673,0.39199599332787227,1.8328709440459896,0.15326701222257585,2.297415742458256,0.0,0.10671857625485684,0.08362127880332096,0,0,-1.0912518774924431,0.0,0.0,2.3442001012103573,2.3442001012103573,2.464918537302032,62.25661756996244,276.21403579343894,23.097370896473638,23.097370896473638,14.251808996677784,2.464918537302032,0.0,91.96669820683634,2.3442001012103573
3,2001,03,,1.2732926559855764,0.9935979071047386,0.04884073746917004,204.19695150430482,30.35110463111928,80.70103787875607,128.4738063088945,-47.772768430138406,0.827354829109817,-0.07066388635151835,0.0327539173097351,0.022462066884627943,0.3142173904813583,0.00803928717220779,0.01880894939742106,0.014875425386914613,0.6857826095186417,1.0,0.0327539173097351,0.5725818065462989,1.3396289987555765,0.31511960798141125,0,0.0,0,2.3396289987555763,1.7874899566867686,0.700531902850372,2.9652956982567984,0.6052898912492668,0.3579050500339097,0.6691264070285872,-0.9146445369188378,0.4892741679391837,0.0,0.039552531836537314,-1.366923390425632,0,0,-0.4224893818046959,0.0,0.0,1.7897804277648188,1.7897804277648188,2.1373957060442508,95.15578940364527,-39.533609550448375,54.03941560246204,54.03941560246204,21.86089111579018,2.1373957060442508,0.0,-735.5573116667316,1.7897804277648188
4,2001,06,,1.0614076065481752,0.8085345633011193,0.037329251494684135,178.7721384676513,27.899411485699293,71.98021275169548,130.06352546774914,-58.083312716053655,0.8302334576280396,-0.07192662788181925,0.035123108046491,0.022127571750241326,0.3699996104857243,0.008487098812204967,0.019188125591059615,0.0178099272820682,0.6300003895142757,1.0,0.035123108046491,0.557690053052426,1.260858040614058,0.2435881674330453,0,0.0,0,2.260858040614058,2.0417051735723715,0.6919695562328626,3.2258744972499622,0.6316750935641795,0.3835531032505818,3.45509733469482,1.347081741265484,0.4117590820021664,0.0,0.1989314003842002,0.3898824289951496,0,0,-1.6390283570312878,0.0,0.0,1.7643262615664652,1.7643262615664652,2.034604983085848,91.94885937105408,26.232706537023464,10.227671343771645,10.227671343771645,21.757138142271188,2.034604983085848,0.0,6.597144969648687,1.7643262615664652
5,2001,09,,1.1407018694653983,0.8553624139061987,0.036077402427025264,181.0144927536232,27.60416666666667,72.23787720865595,119.47916666666669,-47.24128945801073,0.8284693269803455,-0.06730196545562835,0.039706174310105216,0.021639864999007347,0.38,0.008083055246570263,0.018103305098820795,0.019164430816404752,0.545,1.0,0.039706174310105216,0.553503893214683,1.2396611858495266,0.2539957873869409,0,0.0,0,2.239661185849527,2.016413130504404,0.7532693984306887,3.2603773584905666,0.6081864283989374,0.3735261401557286,1.1133944938806497,-0.5838532102057066,0.3733944948989984,0.0,0.06511812586857256,-0.5243902439024389,0,0,-0.6559999999999999,0.0,0.0,1.8197638021783755,1.8197638021783755,2.1752626271423465,100.52108121941284,-63.702313098348846,33.40487150279268,33.40487150279268,23.785515831963878,2.1752626271423465,0.0,-2579.3595705832,1.8197638021783755
6,2001,12,,1.1620503024514486,0.8815663801337154,0.07895574657752308,179.19474196689384,24.311440677966104,68.49644554651529,111.64194915254238,-43.145503606027106,0.8161635832521908,-0.06699123661148977,0.07692307692307693,0.04771178188899708,0.37974683544303794,0.017894967496895772,0.03918119302734687,0.03744075829383886,0.620253164556962,1.0,0.07692307692307693,0.5432766050690234,1.1895090356628821,0.2326665848570377,0,0.0,0,2.1895090356628817,2.0368901229670766,0.8061485909479078,3.7019607843137257,0.6167427336055729,0.3750639105982032,2.463346937166794,1.00073469322401,0.8300408157844631,0.0,0.1433300876338851,0.40625,0,0,-1.6842105263157894,0.0,0.0,1.9358662976371024,1.9358662976371024,2.3573460485150544,49.40804881275429,40.48485605058462,16.44697277055,16.44697277055,11.857157377833369,2.3573460485150544,0.0,-118.56010309590343,1.9358662976371024
7,2002,03,,1.1356314432989691,0.8547036082474226,0.07087628865979381,176.93664076509262,25.74324324324325,69.37145603463595,108.75,-39.378543965364045,0.8230723251643753,-0.08168957959752939,0.0386531181510261,0.023909145248057383,0.38144329896907214,0.008761042564065125,0.01896633475580844,0.01831398093080336,0.6185567010309279,1.0,0.0386531181510261,0.5380740308096663,1.1648490595859018,0.22234513274336284,0,0.0,0,2.164849059585902,2.06288532675709,0.8275862068965517,3.4960629921259843,0.6015100671140939,0.3664306052420238,1.2533333333333334,0.04,0.7333333333333333,0.0,0.07491532177724647,0.031914893617021274,0,0,-1.0329670329670328,0.0,0.0,2.4236984352773825,2.4236984352773825,3.0553377166766293,127.7895,1277.895,40.783882978723405,40.783882978723405,30.792650602409633,3.0553377166766293,0.0,-260.3652307692308,2.4236984352773825
8,2002,06,,1.2457511896668934,0.9592114208021754,0.1125084976206662,167.87573855243718,26.14583333333333,67.53985105859182,118.02083333333331,-50.48098227474151,0.8404726735598228,-0.030465288035450518,0.06850073855243723,0.04357459379615953,0.3638814016172507,0.017086591369823344,0.03605805958747135,0.034130634774609016,0.6361185983827493,1.0,0.06850073855243723,0.5261366927309585,1.110313216195569,0.21569802276812464,0,0.0,0,2.110313216195569,2.174227217984745,0.7625772285966461,3.4422310756972117,0.6523729221874247,0.3921227917752679,2.6432911352253807,1.58999999758481,1.110316454009646,0.0,0.14549483013293946,0.6015228426395939,0,0,-2.5095541401273884,0.0,0.0,2.1709018295512297,2.1709018295512297,2.623440264847268,60.20573082378304,29.975849102136713,18.031157962452788,18.031157962452788,14.416163498684694,2.623440264847268,0.0,7.0208475030957445,2.1709018295512297
9,2002,09,,1.2119921363040629,0.9118610747051114,0.07634338138925295,170.93663911845732,23.716216216216218,65.86497654679474,110.37162162162164,-44.50664507482689,0.8369146005509642,-0.05711662075298439,0.04683195592286502,0.02901744719926538,0.3803921568627451,0.011283296436477895,0.023734414901607333,0.02328554469911424,0.6196078431372549,1.0,0.04683195592286502,0.5246018710276369,1.103500075108908,0.21050759013282733,0,0.0,0,2.103500075108908,2.135294117647059,0.8154269972451791,3.7948717948717943,0.6389345224125792,0.3888452474469756,1.613481010207371,-0.1844936706058324,0.781582277293799,0.0949367088607595,0.08833792470156107,-0.11434511434511435,0,0,-0.8973880597014925,-0.9232245681381958,0.0949367088607595,1.8749426508196485,1.8749426508196485,2.2922852573932784,78.99679257282531,-226.93624048193456,25.949050366957174,25.949050366957174,18.915652414132953,2.2922852573932784,0.0012017792845606932,560.939729060256,1.8749426508196485
10,2002,12,,1.2322761194029852,0.9828980099502488,0.16138059701492538,170.1658725957297,22.838709677419352,64.79741798869516,116.80645161290322,-52.00903362420806,0.8358920063525676,-0.02946885477324863,0.06970178224810306,0.0432327510146462,0.37974683544303794,0.016916384726921217,0.03552784222737819,0.03505813437472264,0.620253164556962,1.0,0.06970178224810306,0.5238555547883725,1.1002030162412992,0.20470533963787335,0,0.0,0,2.1002030162412995,2.1449659348978045,0.7705053852526926,3.9406779661016946,0.663427768672442,0.3912863357039287,2.2022857128474866,1.0241632646372811,1.7370612233553886,0.061224489795918366,0.11611081701076408,0.4650455927051672,0,0,-1.8693181818181817,-1.9525222551928785,0.06122448979591837,2.016118394446636,2.016118394446636,2.45335317594918,56.747561012669394,45.435138719294116,21.129411015355625,21.129411015355625,13.618525278855529,2.45335317594918,0.0010788920035215163,86.62372827488001,2.016118394446636
11,2003,03,,1.0403249202204816,0.8044676530316217,0.053959965187119235,170.28944995491437,22.79867256637168,64.78785200730947,111.90265486725664,-47.114802859947176,0.8369702434625789,-0.051036970243462584,0.042741208295761945,0.026510369702434627,0.37974683544303794,0.00990165701198976,0.02091633466135458,0.020791297482235283,0.620253164556962,1.0,0.042741208295761945,0.5266064933315371,1.1124075128059192,0.1783960720130933,0,0.0,0,2.112407512805919,2.1434093544646307,0.8042704626334519,3.947598253275109,0.6518927815659534,0.3735012798060083,-0.7766666666666666,-1.73,0.62,0.1020408163265306,-0.04201983769161407,2.227467811158798,0,0,0.8146853146853147,0.8597785977859779,0.1020408163265306,1.943959874786568,1.943959874786568,2.463868349864743,92.93979591836737,-26.32398843930636,-58.63583690987125,-58.63583690987125,22.395131546594538,2.463868349864743,0.001097923826044949,10.654936079545452,1.943959874786568
12,2003,06,,1.1817091454272863,0.9490254872563718,0.16131934032983508,164.46912521440822,23.212669683257925,63.76670055804351,118.91402714932129,-55.14732659127776,0.8483704974271012,-0.004288164665523156,0.07735849056603772,0.04802744425385935,0.3791574279379157,0.018199545011374715,0.03841931942919869,0.03742738589211618,0.6208425720620843,1.0,0.07735849056603772,0.5262918427039324,1.1110043907793634,0.1899522062909859,0,0.0,0,2.1110043907793634,2.219261515036163,0.7568493150684932,3.877192982456141,0.6701149425287356,0.37894052648683785,3.2417968706944884,2.1096874971980712,1.8073437475996217,0.05357142857142857,0.16552315608919382,0.6507772020725389,0,0,-2.8635014836795247,-2.996894409937888,0.05357142857142857,2.3175799688708008,2.3175799688708008,2.8971737243791424,60.32329576118,26.895736963583442,17.503132448839793,17.503132448839793,14.423053829618006,2.8971737243791424,0.0008880719777566188,55.403444212056456,2.3175799688708008
13,2003,09,,1.2628818265967294,1.027769207034866,0.21783400185128046,168.47634956919288,23.07692307692308,64.6190366693268,119.16083916083916,-54.54180249151236,0.8491295938104448,-0.035871285387726395,0.034464568313697916,0.022507473184455774,0.3469387755102041,0.008276753960556094,0.017469632864746832,0.01603403141361256,0.6530612244897959,1.0,0.034464568313697916,0.5262204978984805,1.1106865019789818,0.1985342375847736,0,0.0,0,2.1106865019789818,2.1664761904761907,0.7552816901408451,3.9,0.6548071387449625,0.3677335919818946,1.9249218724434631,0.917109373781964,2.371718746850061,0.1171875,0.10075611042729032,0.4764397905759162,0,0,-1.91,-2.0105263157894737,0.1171875,2.4624991383586323,2.4624991383586323,3.1726272528140846,140.9588373965133,66.09059042766923,31.48818706239738,31.48818706239738,33.70268275094181,3.1726272528140846,0.000831359722912263,73.378280409018,2.4624991383586323
14,2003,12,,1.2268568353067817,1.0193756727664156,0.2771797631862217,170.04560810810813,22.24832214765101,64.17737620170506,147.28187919463087,-83.10450299292582,0.8489864864864864,-0.014864864864864866,0.024662162162162164,0.015371621621621622,0.3767123287671233,0.005612433699272235,0.012280701754385965,0.01168186909905585,0.6232876712328768,1.0,0.024662162162162164,0.5429875416306895,1.1881241565452092,0.2034827475008062,0,0.0,0,2.188124156545209,2.1464829586657,0.6110731373889269,4.04524886877828,0.6717349370248497,0.3651165659306772,2.340329671101208,1.291098901524538,3.508791209947953,0.16483516483516486,0.11604729729729728,0.5516739446870451,0,0,-2.2305194805194803,-2.344709897610921,0.16483516483516486,2.5862920195208905,2.5862920195208905,3.2372337609205735,210.5980644467011,50.56576217585699,27.89581348566201,27.89581348566201,49.655198492892495,3.2372337609205735,0.0007827002839187154,37.57490406125665,2.5862920195208905
15,2004,03,,0.7703847511471937,0.6133074479350512,0.08383339216378398,180.63345430550973,24.30379746835443,68.8435533245075,138.98734177215192,-70.14378844764438,0.8436159683272847,-0.02837347410095678,0.05509732761464863,0.03414714615638404,0.38023952095808383,0.011281268733990955,0.027233258781739246,0.026334463455018532,0.6197604790419161,1.0,0.05509732761464863,0.5857539920431631,1.4140244704644125,0.19651162790697674,0,0.0,0,2.4140244704644127,2.0206666666666666,0.6475409836065574,3.703125,0.6730320861552126,0.3303722273693389,1.5733333333333333,0.6266666666666667,1.5833333333333333,0.08695652173913042,0.07786209171890465,0.3983050847457627,0,0,-1.6619718309859155,-1.7744360902255638,0.08695652173913042,2.4273003552164187,2.4273003552164187,3.0435351369185084,89.13000000000002,98.13781914893616,39.08879237288136,39.08879237288136,21.47710843373494,3.0435351369185084,0.000975614515192757,107.79298913043478,2.4273003552164187
16,2004,06,,1.0502958579881656,0.8607354184277262,0.22104818258664413,156.91734128674904,19.72711267605634,58.419059842652,127.94894366197184,-69.52988381931985,0.8386592813520807,-0.002272404487998864,0.09132225536145434,0.058514415565970736,0.359253499222395,0.02153235078917111,0.051269288203086114,0.0446465768643244,0.640746500777605,1.0,0.09132225536145434,0.5800146336364587,1.3810353409656546,0.26092154879058216,0,0.0,0,2.3810353409656546,2.3260654112983152,0.7034055727554179,4.5622489959839365,0.7791302423370587,0.3679836939479461,4.293333333333333,3.03,3.486666666666667,0.043689320388349516,0.18292856128390853,0.7057453416149069,0,0,-3.398416886543536,-3.5678670360110805,0.043689320388349516,2.418811597809856,2.418811597809856,2.7606263314870048,47.178567961165044,21.383465346534653,15.09128105590062,15.09128105590062,11.368329629196394,2.7606263314870048,0.000926041681136068,59.463781512605046,2.418811597809856
17,2004,09,,1.1316015457277802,0.9345212537569773,0.2979819665092314,155.15770609318997,19.642218246869408,57.90028276299846,119.22182468694096,-61.321541923942526,0.8397132616487455,-0.01003584229390681,0.07655913978494623,0.04731182795698925,0.3820224719101124,0.01702874245317096,0.03933722732149243,0.03627470959853271,0.6179775280898876,1.0,0.07655913978494623,0.567108725940451,1.310048873524854,0.2464744453426749,0,0.0,0,2.310048873524854,2.352445193929173,0.7548953409858203,4.581967213114754,0.7671579410470744,0.3599256927602044,2.4566666666666666,1.14,4.626666666666667,0.06363636363636363,0.10566308243727597,0.4640434192672999,0,0,-1.8658227848101263,-1.9705882352941175,0.06363636363636364,2.611223030158541,2.611223030158541,3.1405806451612905,66.38045454545454,64.05131578947369,29.722591587516966,29.722591587516966,15.995290251916757,3.1405806451612905,0.0009586611612125693,78.58631756756756,2.611223030158541
18,2004,12,,1.0445665445665446,0.8526658526658527,0.19108669108669107,161.79642759749115,19.72602739726027,59.62103694184713,131.22431506849315,-71.60327812664602,0.8407417507499318,0.00981728933733297,0.07553858740114536,0.0482683392418871,0.36101083032490977,0.017667315466387185,0.04024556616643929,0.03663294319910071,0.6389891696750902,1.0,0.07553858740114536,0.5610121275640065,1.2779672578444747,0.2375173370319001,0,0.0,0,2.2779672578444754,2.2559212549984617,0.6858485026423957,4.5625,0.7847207361438049,0.3660228577132305,1.6733333333333331,-0.9266666666666666,3.13,0.059322033898305086,0.0684483228797382,-0.5537848605577689,0,0,-0.6435897435897436,-0.6613965744400527,0.059322033898305086,2.8888813096862207,2.8888813096862207,3.4647668393782385,71.78135593220341,-91.40503597122299,50.61872509960159,50.61872509960159,17.296712272820095,3.4647668393782385,0.0008264267667823666,55.42077393075356,2.8888813096862207
19,2005,03,,1.0177606177606178,0.8247104247104247,0.20926640926640927,158.55293636735252,18.846153846153847,57.94139842988461,129.61538461538458,-71.67398618550001,0.8405777353862924,-0.0065404005995367215,0.0700367897533724,0.0431938956261071,0.3832684824902724,0.015558282208588957,0.034751151063363295,0.03382691674893057,0.6167315175097277,1.0,0.0700367897533724,0.5522944785276074,1.2336110502082878,0.21110438467525727,0,0.0,0,2.2336110502082875,2.3020702634880803,0.6943620178041543,4.775510204081633,0.7814929187519966,0.3601963190184049,2.3881703462497885,0.7783911669468797,3.5905362764698623,0.06624605678233439,0.0982422673388745,0.3259361997226075,0,0,-1.4835390946502058,-1.5505376344086022,0.06624605678233439,2.8864901816353434,2.8864901816353434,3.5877590185144568,83.06171431191672,112.04495079522384,36.519505460301794,36.519505460301794,20.141949470402576,3.5877590185144568,0.0007975522457141264,85.45544270641234,2.8864901816353434
20,2005,06,,1.1130122517955217,0.9159273341782848,0.219476130122518,155.98250162022038,19.19795221843004,57.6593909741008,133.5409556313993,-75.88156465729853,0.8480881399870382,0.024886584575502267,0.09215813350615684,0.05806869734283863,0.36990154711673706,0.021956479121740837,0.046725073007926575,0.04537332482450542,0.6300984528832629,1.0,0.09215813350615684,0.5300921387963144,1.1280767626199415,0.20199750312109865,0,0.0,0,2.128076762619941,2.340006066120716,0.6739505462909718,4.688,0.8000622213004251,0.3781121348755146,3.8225368785687834,1.9228318611296733,3.432684370642149,0.046875,0.14996759559300066,0.5030250648228176,0,0,-2.0121739130434784,-2.088447653429603,0.046875,2.519593908465332,2.519593908465332,3.1312853395159554,53.92380891599464,41.50836150234639,20.87974623540674,20.87974623540674,13.109703956281376,3.1312853395159554,0.0008692820656089847,49.507493012336425,2.519593908465332
21,2005,09,,1.1593370165745855,0.9549171270718232,0.2322651933701657,154.86570650058388,16.984962406015036,55.17102702259736,115.37593984962406,-60.2049128270267,0.8274296094459582,-0.0023355391202802647,0.07123394316854807,0.04398598676527832,0.3825136612021858,0.016467502185951617,0.034142411118944505,0.03418218043708362,0.6174863387978142,1.0,0.07123394316854807,0.5176819197512873,1.073320576090241,0.19518521520629,0,0.0,0,2.0733205760902407,2.356880733944954,0.7800586510263929,5.298804780876494,0.7722444889779558,0.3743806470416789,2.586902658530128,0.3700294990490093,3.4723303883974,0.07079646017699115,0.10159595173219152,0.14303959131545338,0,0,-1.1669150521609537,-1.2102009273570324,0.07079646017699115,2.217903216864498,2.217903216864498,2.8573454055076684,64.96035705087786,196.62108071649644,28.124599029690426,28.124599029690426,15.792857866513646,2.8573454055076684,0.0010898409952017714,64.40374942216971,2.217903216864498
22,2005,12,,1.1045710707576706,0.9041953663118348,0.16405760801502814,159.98640296662546,21.421232876712327,60.869934978072024,143.24486301369862,-82.3749280356266,0.8556242274412855,-0.04672435105067985,0.09394313967861558,0.058220024721878864,0.3802631578947369,0.022205459431427092,0.04525365103766334,0.04628501827040195,0.6197368421052631,1.0,0.09394313967861558,0.5093112064494838,1.0379515757109916,0.17468876377765444,0,0.0,0,2.0379515757109914,2.2814438804286516,0.628294782140936,4.201438848920863,0.7873479318734793,0.3814058743104993,1.158386410905829,-0.9971337571149608,2.5866242016249474,0.050955414012738856,0.04351050679851669,-0.8607954545454546,0,0,-0.5374045801526718,-0.5578446909667195,0.05095541401273885,2.548694387376864,2.548694387376864,3.2789630635127813,56.3201935962174,-87.5472316297637,75.36025904493862,75.36025904493862,13.746242366289144,3.2789630635127813,0.0009047450081237137,3492.9763979772997,2.548694387376864
23,2006,03,,1.2223453779649744,1.0024384837064952,0.2485036577255597,155.11245782831438,22.928942807625646,61.17585021734701,144.04679376083192,-82.87094354348488,0.8558040734724478,-0.055104335874047235,0.08534299637635888,0.05347994502061727,0.3733528550512445,0.01987093179813362,0.039179787623581104,0.04011040638947616,0.6266471449487555,1.0,0.08534299637635888,0.4928269650401597,0.9717136580007324,0.16820223863549835,0,0.0,0,1.9717136580007324,2.353131431931785,0.6247969680563076,3.9251700680272115,0.767821164731843,0.3715585681786527,3.5711214987480373,1.8250934596922623,3.693014022229289,0.05841121495327103,0.13544920654754464,0.5110701107011071,0,0,-2.0452830188679245,-2.1465346534653467,0.05841121495327103,2.666934796482287,2.666934796482287,3.640334339219356,68.06914887096379,52.58771790031138,26.87601080883072,26.87601080883072,16.596084017695837,3.640334339219356,0.0008581158413483184,-629.6165774327604,2.666934796482287
24,2006,06,,1.1810707107619225,0.996345697058286,0.3539192399049881,151.08782670120084,24.574468085106385,61.829000696361376,152.23404255319147,-90.40504185683008,0.8672003767365201,-0.02366376265599247,0.10678125735813516,0.06687073228161054,0.3737596471885336,0.0250330542089026,0.04934410563808531,0.052680490213161416,0.6262403528114664,1.0,0.10678125735813516,0.4926840017628911,0.9711580227608376,0.1214988933831947,0,0.0,0,1.9711580227608372,2.415813424345848,0.5911949685534591,3.6623376623376624,0.7886722376973073,0.3743499338915822,4.754421051130183,2.5942105254965653,6.320736840109241,0.04225352112676056,0.17153284671532848,0.5456417295813315,0,0,-2.200906344410876,-2.2836990595611284,0.04225352112676057,2.605392458528008,2.605392458528008,3.530806756547669,52.80047991217588,37.724116465554594,20.583852155192798,20.583852155192798,12.996620270088673,3.530806756547669,0.0008002488082881388,148.22836295057948,2.605392458528008
25,2006,09,,1.3057086964253957,1.1228881380046238,0.4783923172683621,154.79929783499122,25.26315789473684,63.432847771857965,148.0263157894737,-84.59346801761573,0.8665886483323582,-0.04166179052077238,0.0901111761263897,0.05558806319485079,0.3831168831168831,0.019892788340732052,0.03951418351218701,0.0421802245960011,0.6168831168831169,1.0,0.0901111761263897,0.4965658765390736,0.98635720821895,0.1481114024519878,0,0.0,0,1.9863572082189505,2.3578918322295808,0.608,3.5625,0.7687809266756636,0.3578607923611693,2.1699999993147365,-0.11094736838601664,8.777894734070138,0.05894736842105262,0.0778232884727911,-0.05112781954887218,0,0,-0.9513590844062948,-0.9910581222056632,0.05894736842105262,2.308650588007761,2.308650588007761,3.247781008594652,58.425870986192216,-816.2437858365089,41.73276499013729,41.73276499013729,14.381287072006831,3.247781008594652,0.0010089257965017527,565.6726816341939,2.308650588007761
26,2006,12,,1.1454636759290258,0.9727150987612988,0.3105122196183462,161.76786914631413,25.042808219178077,64.93077595388567,158.73287671232876,-93.80210075844307,0.8691463141384719,-0.03685861528120098,0.09220255433564868,0.05724848756441856,0.3791008505467801,0.02067737627969085,0.04069119286510591,0.043919099204866856,0.6208991494532199,1.0,0.09220255433564868,0.4918463966333509,0.9679089026915114,0.14015748031496064,0,0.0,0,1.9679089026915115,2.256319514661274,0.566990291262136,3.5938461538461537,0.7445779112445781,0.3611864201027799,2.23211350258597,-0.2516438355770421,6.062328766174195,0.05283757338551859,0.07651803719471208,-0.11273792093704245,0,0,-0.8986842105263158,-0.9317871759890859,0.05283757338551859,2.523348587501768,2.523348587501768,3.550102124338696,62.01215569833112,-411.53521508892464,46.395624541503956,46.395624541503956,15.240945370371628,3.550102124338696,0.0008520518725805327,318.802115618472,2.523348587501768
27,2007,03,,1.1727902946273832,0.9870017331022529,0.30675909878682844,166.73940875232773,24.230769230769234,65.34459604641168,142.07357859531774,-76.72898254890606,0.8608007448789572,-0.06459497206703911,0.07320763500931099,0.048882681564245814,0.3322734499205087,0.01681816361670604,0.032282859338970016,0.032755298651252415,0.6677265500794912,1.0,0.07320763500931099,0.4790373603491771,0.9195234435049962,0.13353313353313356,0,0.0,0,1.919523443504996,2.189044585987261,0.6334745762711864,3.7142857142857135,0.7060563727504314,0.3440515757017579,2.4660000005284286,0.3359761905481854,5.773571429808623,0.06666666666666668,0.08798882681564246,0.13624338624338625,0,0,-1.1577335375191424,-1.2096,0.06666666666666668,2.41680088818648,2.41680088818648,3.6595181046678418,74.86328465549072,305.26776267287477,41.59071369749485,41.59071369749485,18.434367864783756,3.6595181046678418,0.0008905121779448547,-301.69123386005816,2.41680088818648
28,2007,06,,1.2212601326455417,1.0152910832719233,0.2890567428150332,157.2319965031144,25.736040609137053,64.50557399346664,153.50253807106597,-88.99696407759933,0.8708337886569774,-0.018577204677084472,0.10851273084908754,0.06665938148836192,0.3856998992950655,0.025416666666666667,0.048198482932996216,0.053467585612750376,0.6143001007049346,1.0,0.10851273084908754,0.4726666666666667,0.8963337547408344,0.1368751278728773,0,0.0,0,1.8963337547408343,2.321410451547438,0.5863095238095238,3.497041420118343,0.7242006964229186,0.38129166666666653,4.725506072874494,2.231578947368421,5.081781376518219,0.04426229508196721,0.1594361271992132,0.4722412611377656,0,0,-1.8948051948051947,-1.9636608344549125,0.04426229508196721,2.4468632664348924,2.4468632664348924,3.3840565511965903,50.76639590163935,44.94557547169811,21.22515524331734,21.22515524331734,12.589658421390476,3.3840565511965903,0.0008718817693445497,105.74242929292929,2.4468632664348924
29,2007,09,,1.326517571884984,1.0800851970181045,0.23684771033013846,157.08609631481684,25.95278246205734,64.68634045749161,153.13659359190555,-88.45025313441393,0.8710729427111643,-0.04043917817154039,0.0855527774758126,0.05370148929231438,0.37229987293519695,0.020664268384505986,0.03736479842674533,0.040966113164332935,0.6277001270648029,1.0,0.0855527774758126,0.4469589224462478,0.8081839497768701,0.1317966903073286,0,0.0,0,1.80818394977687,2.323566557211417,0.5877106045589693,3.467836257309941,0.7107316696283705,0.3847987952815193,2.60080971659919,-2.377327935222672,3.6016194331983806,0.06275303643724696,0.08729209696706164,-0.9140722291407224,0,0,-0.5224463240078074,-0.5332005312084993,0.06275303643724696,2.30369395280236,2.30369395280236,3.3109183335145125,61.654125,-41.49473807901908,37.92918773349938,37.92918773349938,15.289727786144578,3.3109183335145125,0.0010178238104465347,304.38968689320393,2.30369395280236
30,2007,12,,1.2934826883910386,1.0496945010183298,0.1690427698574338,166.9939688921807,28.870703764320787,70.04729883362563,169.39443535188215,-99.3471365182565,0.8707015130674003,-0.04645011109935457,0.08126124219659295,0.05068246746376045,0.3763020833333333,0.01967388179241796,0.034811046511627905,0.03951227041210064,0.6236979166666666,1.0,0.08126124219659295,0.4348379677167618,0.7694040697674419,0.12729117777636836,0,0.0,0,1.7694040697674418,2.185707678075856,0.5313043478260869,3.1173469387755097,0.7146313799621928,0.3881792417957038,1.5370563677530389,1.6147181631763503,2.6858037583895205,0.06471816283924843,0.05025923182731986,1.0505263157894738,0,0,0.0,0.0,0.06471816283924844,1.9908549789542151,1.9908549789542151,2.8985466628303884,57.190322568705646,54.898125271362716,57.671925285073684,57.671925285073684,14.195706441088724,2.8985466628303884,0.001131627868709767,664.4456862886046,1.9908549789542151
31,2008,03,,1.3944058976582827,1.1389852558542932,0.2192107545533391,164.0701494118894,28.09756097560976,68.5532142552537,158.34146341463415,-89.78824915938044,0.8696619688460315,-0.06241390272332309,0.06654657200381478,0.04164459044187772,0.3742038216560509,0.015978207838672955,0.02769165727170237,0.031425140112089675,0.6257961783439491,1.0,0.06654657200381478,0.4229956090421207,0.7330890642615558,0.12384244968514632,0,0.0,0,1.7330890642615555,2.2246581801037246,0.5683918669131238,3.203125,0.7088027640078113,0.3836802732151569,2.9504071237059724,0.8725190836808461,3.2670992355605017,0.07888040712468193,0.09674684751510014,0.2957283680175247,0,0,-1.4199066874027997,-1.4918300653594772,0.07888040712468193,1.7316203822450744,1.7316203822450744,2.6041280560370987,62.5322047450944,91.01909801785963,26.916929315248733,26.916929315248733,15.542583861715386,2.6041280560370987,0.0012614365261264845,-272.0229411151287,1.7316203822450744
32,2008,06,,1.3494783904619971,1.0987332339791356,0.286698956780924,161.26444354348266,7.780206677265499,47.5440420715489,39.25874403815581,8.285298033393097,0.4899655382120414,0.936448408676262,-0.016926819379687815,-0.02442732617068721,-0.4431137724550898,-0.009401942808098937,-0.016590940382761946,-0.008240809277078705,1.4431137724550898,1.0,-0.016926819379687815,0.4333086255998128,0.7646289412088668,0.093937125748503,0,0.0,0,1.764628941208867,2.263363156687314,2.29248291571754,11.567816091954025,0.7320077162783796,0.38489447196972654,4.130990415335464,1.6038338658146964,4.916932907348243,-0.12863070539419086,0.1310561524427326,0.3882443928847641,0,0,-1.6346396965865992,-1.701315789473684,-0.12863070539419086,1.7827381935839186,1.7827381935839186,2.6247775187512667,-107.452510373444,51.58576693227091,20.02788476411446,20.02788476411446,-27.01416525854455,2.6247775187512667,0.0011970935341309708,5.283565883554648,1.7827381935839186
33,2008,09,,1.2998731654285196,1.0751947816633447,0.2850154013408226,159.6554663991976,13.602347762289071,52.96944906620081,67.68158473954513,-14.71213567334432,0.726579739217653,0.18696088264794386,0.061985957873620864,0.03851554663991976,0.3786407766990291,0.014688444325440845,0.02536327608982827,0.029965089216446857,0.6213592233009708,1.0,0.061985957873620864,0.4208774815438167,0.7267503302509908,0.0623645259181272,0,0.0,0,1.7267503302509908,2.2861728961247416,1.3297560975609757,6.616504854368932,0.7367176531441662,0.3813640362620969,2.230031948881789,0.19808306709265172,5.025559105431309,0.08854166666666667,0.0700100300902708,0.08882521489971347,0,0,-1.0974842767295598,-1.1594684385382061,0.08854166666666667,1.5810676089828268,1.5810676089828268,2.4009391775325977,62.336884375,386.0865096774194,34.294217191977076,34.294217191977076,15.671843220381525,2.4009391775325977,0.0014203736287817428,9.907318185671897,1.5810676089828268
34,2008,12,,1.2373709940249864,1.0220894441426758,0.27919608908202065,157.0135248479765,22.403196066379838,61.118859727524736,103.8844499078058,-42.765590180281045,0.8294191654434891,0.2226881945900608,0.08114908785908996,0.05168798490249528,0.3630490956072352,0.01868556701030928,0.031845488017569916,0.03710272757777671,0.6369509043927648,1.0,0.08114908785908996,0.41324287446937535,0.7042826690782249,0.055979023111165316,0,0.0,0,1.7042826690782251,2.3246405069461367,0.8663471778487752,4.0172839506172835,0.7008082292432035,0.3615069739235901,2.434083601286173,0.01929260450160772,4.958199356913183,0.06896551724137931,0.07936674355210736,0.007926023778071334,0,0,-1.007989347536618,-1.0557880055788005,0.06896551724137931,1.152859582714295,1.152859582714295,1.8711909414971688,36.201661663285996,2974.5698666666667,23.57651149273448,23.57651149273448,9.043146005848952,1.8711909414971688,0.0019050373400765976,4.354846826801517,1.152859582714295
35,2009,03,,1.5068465154302064,1.2656856734109954,0.5462906192519926,157.89603047806318,30.691244239631327,69.6245120287428,115.46543778801843,-45.840925759275635,0.8666584736389332,0.1810249477694482,0.019540371144156327,0.011920855352095366,0.389937106918239,0.0035917944160556914,0.006237540994148286,0.007190340523673856,0.610062893081761,1.0,0.019540371144156327,0.4241650003702881,0.7366085782264806,0.10979449310206653,0,0.0,0,1.7366085782264806,2.311647727272727,0.7794540229885057,2.9324324324324325,0.5974741170423673,0.3013034140561357,2.463022508038585,0.5337620578778135,8.594855305466236,0.3608247422680412,0.0941378886567531,0.216710182767624,0,0,-1.2766666666666666,-1.3557522123893806,0.3608247422680412,0.7829256510835316,0.7829256510835316,1.4962857072631193,125.5183175257732,73.34504096385542,15.89461723237598,15.89461723237598,31.354374900012427,1.4962857072631193,0.0028746779703603944,3.4988593137254904,0.7829256510835316
36,2009,06,,1.572944297082228,1.2561892130857648,0.506631299734748,157.6305399898115,35.43991416309014,74.30771854413953,132.4892703862661,-58.18155184212657,0.8813041263372389,0.1977840040753948,-0.11130922058074376,-0.11156393275598574,-0.0022883295194508014,-0.03613265137766045,-0.06428885953324527,-0.044320486815415824,1.002288329519451,1.0,-0.11130922058074376,0.4379640323378981,0.7792455599589021,0.1240678837747493,0,0.0,0,1.779245559958902,2.315541138307284,0.6793002915451894,2.5395095367847413,0.5852276962063054,0.32387394819336746,1.705128205128205,0.19230769230769232,7.346153846153847,-0.03881278538812785,0.06775343861436578,0.11278195488721805,0,0,-1.1271186440677967,-1.2146118721461188,-0.038812785388127866,1.204444561867019,1.204444561867019,2.090137748344371,-18.73488767123288,273.52936,30.849175939849626,30.849175939849626,-4.695007994718599,2.090137748344371,0.0020716849798744336,-8.601158413719185,1.204444561867019
37,2009,09,,1.6438497169325783,1.3378795676788469,0.4603705609881626,155.4064177799975,31.377694470477966,69.69708515595681,110.58106841611996,-40.88398326016315,0.8667748782619553,0.17954800849044825,0.03670870270945187,0.022599575477587716,0.3843537414965986,0.007586871777675316,0.0131292615697084,0.014721345951629862,0.6156462585034014,1.0,0.03670870270945187,0.4221402523368403,0.7305237197156536,0.12213448802852775,0,0.0,0,1.7305237197156536,2.3486803519061583,0.8138825324180016,2.868279569892473,0.5915940316147141,0.3357085970574674,2.8782051282051277,0.0576923076923077,5.733974358974358,0.1878453038674033,0.11212386065676114,0.0200445434298441,0,0,-1.0204545454545455,-1.0614657210401892,0.1878453038674033,1.4162120412012185,1.4162120412012185,2.4377449369459363,107.86684640883976,1084.6610666666666,21.741535857461024,21.741535857461024,27.031691630167074,2.4377449369459363,0.0017414554158321,6.424615626021576,1.4162120412012185
38,2009,12,,1.5620296188395242,1.2711823258072348,0.35566885166302503,160.12273150302462,30.493934142114387,69.97625149902458,110.51126516464471,-40.535013665620134,0.8657515123313169,0.20742205677059095,0.06363424848766869,0.040134946486738016,0.3692870201096892,0.014027811661380823,0.024350649350649352,0.02671550671550672,0.6307129798903108,1.0,0.06363424848766869,0.4239245344392941,0.7358836815358555,0.11923411662315055,0,0.0,0,1.7358836815358554,2.279501458499072,0.8143966125617502,2.951406649616368,0.6167754897036665,0.3495161421484915,1.461783439490446,-0.6687898089171974,4.665605095541402,0.10144927536231883,0.053396928804094926,-0.457516339869281,0,0,-0.6860986547085202,-0.7239747634069401,0.10144927536231883,1.7072109966120834,1.7072109966120834,2.813839623080502,70.10946492753622,-115.17983523809522,52.69665664488017,52.69665664488017,17.682226495780217,2.813839623080502,0.0014470125462685366,7.058368776854769,1.7072109966120834
39,2010,03,,1.528591033851784,1.2548032936870996,0.3543000914913083,165.15400528674866,28.171334431630967,68.89423984480186,110.3871499176277,-41.492910072825815,0.8604758073784623,0.1881392943339846,0.0437880703367429,0.02746810711412481,0.3727034120734909,0.009607653963659752,0.01662030598052851,0.018581740148263755,0.6272965879265092,1.0,0.0437880703367429,0.42193278662164335,0.7299026425591099,0.103938185443669,0,20.05263157894737,0,1.7299026425591102,2.2100584201168396,0.8153122901276024,3.1947368421052635,0.6213668499607227,0.349774883421772,1.766025641025641,0.3814102564102564,4.964743589743589,0.14225941422594146,0.06332605447649696,0.2159709618874773,0,0,-1.2754629629629628,-1.384422110552764,0.1422594142259414,1.7003457579972183,1.7003457579972183,2.8101335478680607,102.30532217573221,205.47035294117646,44.375629764065344,44.375629764065344,25.63796025608711,2.8101335478680607,0.0013905377667603562,7.308141582391434,1.7003457579972183
40,2010,06,,1.5681377825618945,1.3164693218514532,0.42023681377825617,161.1683283835384,25.259740259740262,64.99987602554425,98.83116883116881,-33.83129280562457,0.8529910903691132,0.21033092914722104,0.07127704709376326,0.044442087399236316,0.3764880952380952,0.016825957754397238,0.030338136268192026,0.03317371772720541,0.6235119047619048,1.0,0.07127704709376326,0.4453859127780901,0.803055535442763,0.10775889915369208,0,0.0,0,1.8030555354427633,2.2647129473937064,0.9106438896189224,3.562982005141388,0.6554049356969065,0.3786041281824753,3.9047619047619047,1.2539682539682542,6.196825396825397,0.08353221957040573,0.13046245226983452,0.32113821138211385,0,0,-1.473053892215569,-1.5375,0.08353221957040573,1.6954234668018249,1.6954234668018249,2.4836119537547727,55.884232696897385,59.279730379746844,19.036986585365856,19.036986585365856,14.13938417632343,2.4836119537547727,0.0014947368074903053,-20.933478280542985,1.6954234668018249
41,2010,09,,1.5494384496806868,1.2869412023783309,0.3763488218454085,159.59342286137252,24.16666666666667,63.518469563991395,91.21794871794873,-27.699479153957313,0.8515385428782912,0.19488209791688696,0.06376229248175955,0.04018187585915195,0.3698175787728025,0.015072187847056957,0.02675114396339317,0.0291713027913502,0.6301824212271974,1.0,0.06376229248175955,0.4365778200856735,0.7748680042238648,0.10508410508410508,0,33.5,0,1.774868004223865,2.287061668681983,0.9866479269149684,3.724137931034482,0.6442536957558417,0.3750991591305727,2.526984126984127,-0.6857142857142857,5.4253968253968266,0.1,0.08417045574706566,-0.271356783919598,0,0,-0.7865612648221344,-0.8172484599589322,0.1,1.5850298838437167,1.5850298838437167,2.380813101406366,59.25091973684211,-104.23772916666668,28.285614949748744,28.285614949748744,14.991196559923909,2.380813101406366,0.0016877375143565948,9.678875753660638,1.5850298838437167
42,2010,12,,1.521283158544109,1.2658852560148055,0.3859757351429159,162.15064368770766,25.51381998582566,65.49617048416452,99.56768249468462,-34.07151201052009,0.8535091362126246,0.1995431893687708,0.045369601328903664,0.0293812292358804,0.3524027459954233,0.010845820718200285,0.0194354783325321,0.02058407913330193,0.6475972540045767,1.0,0.045369601328903664,0.4419576131529529,0.7919785729002129,0.1027236874537836,0,19.0,0,1.791978572900213,2.2509932227155875,0.9039077514413836,3.5275,0.6309445827328705,0.369141148967156,3.84493670886076,0.5316455696202531,5.939873417721518,0.13427561837455831,0.12614202657807308,0.1382716049382716,0,0,-1.160458452722063,-1.2041625371655105,0.13427561837455831,1.8161438637456218,1.8161438637456218,2.745522300664452,93.44477314487631,157.40994523809525,21.765325761316877,21.765325761316877,23.717709488980656,2.745522300664452,0.0014369516223917418,10.822966501650164,1.8161438637456218
43,2011,03,,1.5824223874070835,1.2761259291648448,0.2971141233056406,169.14726275483804,24.31000654022237,66.01755078114135,93.59058207979072,-27.573031298649386,0.8417675670081756,0.1806892269481528,0.03725551071095933,0.023905619372865568,0.3583333333333333,0.008816120906801008,0.015524193548387097,0.01664508969853893,0.6416666666666667,1.0,0.03725551071095933,0.4321044195099611,0.7608870967741935,0.10074333716081467,0,15.0,0,1.7608870967741936,2.157882983474765,0.9616352201257862,3.702179176755448,0.6304149269311065,0.3687886420883902,1.4203821656050954,-0.6305732484076433,4.328025477707007,0.16017316017316016,0.0461554382696885,-0.4439461883408072,0,0,-0.6925465838509317,-0.7347611202635914,0.1601731601731602,1.7446413978494624,1.7446413978494624,2.686563593087033,112.38209523809523,-131.11244444444444,58.20686995515697,58.20686995515697,28.343757353222408,2.686563593087033,0.001425255151488444,11.732141134435015,1.7446413978494624
44,2011,06,,1.6970503891847604,1.4151986890618602,0.4768537484637443,158.45953373768006,3.9639185648054815,43.03613236313755,15.43841967345293,27.59771268968462,0.059704321455648225,0.21588324488248672,0.08197498104624716,0.05288097043214556,0.35491329479768785,0.020376118312945043,0.0366622864651774,0.0384393192018842,0.6450867052023121,1.0,0.08197498104624716,0.4442212890268395,0.7992772667542707,0.0987149878604844,0,41.19047619047619,0,1.799277266754271,2.3034271993014626,5.829612220916568,22.704805491990854,0.6788908190182076,0.3853204308928245,4.996845425867508,2.690851735015773,7.343848580441639,0.06810035842293907,0.15011372251705835,0.538510101010101,0,0,-2.166894664842681,-2.2857142857142856,0.06810035842293907,1.7936618134034163,1.7936618134034163,2.587142987111448,48.92389390681004,32.004141617819464,17.234553535353534,17.234553535353534,12.456927203581353,2.587142987111448,0.001391965213412004,9.561569562096196,1.7936618134034163
45,2011,09,,1.5986749648664926,1.321622164224051,0.3932945191728569,160.4182111966543,20.958217270194982,60.513392633753575,78.36768802228413,-17.85429538853055,0.8293888413648892,0.1972245984222032,0.06881475144948199,0.044102271647181834,0.35911602209944754,0.016667864070694732,0.02952780959653812,0.03167519796998732,0.6408839779005525,1.0,0.06881475144948199,0.435519793088584,0.7715413007509228,0.08003044318248348,0,65.81818181818181,0,1.7715413007509226,2.27530276816609,1.148432501599488,4.294258373205742,0.6650442477876106,0.3779366333788347,2.7129337539432177,-0.7886435331230284,6.17981072555205,0.08836206896551724,0.08174127934606977,-0.2906976744186047,0,0,-0.7747747747747747,-0.804490177736202,0.08836206896551724,1.462644132620593,1.462644132620593,2.1845822545385416,49.53446099137931,-91.93595959999999,26.72556965116279,26.72556965116279,12.612388862865254,2.1845822545385416,0.001783850418416691,8.66563076625387,1.462644132620593
46,2011,12,,1.5182156133828997,1.2514869888475837,0.3524163568773234,166.7615944082365,23.144360023378137,64.26365727472412,86.58094681472822,-22.317289540004097,0.8383867006706338,0.20562954566921696,0.07339189572116747,0.046944365731557566,0.3603603603603603,0.017468016308168143,0.031224476974304208,0.033677184466019416,0.6396396396396397,1.0,0.07339189572116747,0.4405665682553072,0.7875227743921593,0.07286812674743709,0,111.0,0,1.7875227743921591,2.1887533595203643,1.0394896719319562,3.888636363636364,0.6336106290023341,0.3721003795866723,4.159192865251875,0.6391420228712744,6.028921767979782,0.08249496981891348,0.12354774723717768,0.1536697247706422,0,0,-1.1815718157181572,-1.2270168855534709,0.08249496981891348,1.514453209625143,1.514453209625143,2.276901080344139,48.502116172240235,119.92811809752935,18.42932090030841,18.42932090030841,12.251521334545961,2.276901080344139,0.0017008530004331802,8.705214002821299,1.514453209625143
47,2012,03,,1.591226708074534,1.2956133540372672,0.39596273291925466,160.14530480878452,12.16142684401451,51.64931022152303,45.89782345828296,5.751486763240074,0.6868610374858009,0.19538053767512306,0.07497160166603559,0.04931843998485423,0.3421717171717172,0.01812047857540345,0.03144426338342688,0.0335593220338983,0.6578282828282829,1.0,0.07497160166603559,0.4237270450751252,0.7352887923230128,0.0702020202020202,0,66.0,0,1.7352887923230131,2.279180151024811,1.960877296976882,7.400447427293066,0.6272041797779493,0.36741791875347796,2.6920938236616836,0.3805079609415808,6.468635336006873,0.07869481765834932,0.08036728511927299,0.1413427561837456,0,0,-1.1646090534979423,-1.2340116279069768,0.07869481765834932,1.5827856452336653,1.5827856452336653,2.482504293437769,50.33622908997428,218.54312796563832,30.889488051680328,30.889488051680328,12.750547241004146,2.482504293437769,0.0015633832545875663,6.5777541649538644,1.5827856452336653
48,2012,06,,1.6851507257164124,1.4043542984741346,0.5290286564942315,155.9738372093023,6.769230769230768,45.22853309481216,24.815384615384612,20.413148479427548,0.4685683139534884,0.21747819767441864,0.07703488372093023,0.049963662790697666,0.35141509433962265,0.01839280339765241,0.037346370611801454,0.03457132373924742,0.6485849056603774,1.0,0.07703488372093023,0.5075076079323145,1.0304882189176343,0.07823746635788946,0,0.0,0,2.0304882189176343,2.3401360544217686,3.6267823930564167,13.295454545454545,0.6382189239332097,0.3681235996388322,5.7881477372304575,2.410136324028304,9.051542363556765,0.07454545454545454,0.16515261627906974,0.4163916391639164,0,0,-1.713477851083883,-1.7823529411764707,0.07454545454545454,1.759335470733605,1.759335470733605,2.3537185208479108,47.108606322716,34.226860604351124,14.251778590480637,14.251778590480637,11.884616603701856,2.3537185208479108,0.0015824168950102936,-23.314221934318123,1.759335470733605
49,2012,09,,1.8459139114160947,1.5643584944894988,0.5703888542316489,161.66604892512973,10.520361990950226,50.383223369749345,37.17194570135747,13.211277668391874,0.6313936249073387,0.19810971089696072,0.06736471460340994,0.04253150481838399,0.3686382393397524,0.014955524420839987,0.030551118210862618,0.028089019395719037,0.6313617606602476,1.0,0.06736471460340994,0.5104753836629631,1.0427981895633651,0.12985057338121164,0,0.0,0,2.0427981895633653,2.2577405857740587,2.421180766889836,8.55483870967742,0.6040523900145528,0.35163402952005474,2.874971070802588,-0.21968217484538044,8.733162400012732,0.09586056644880174,0.08367309117865085,-0.07641196013289038,0,0,-0.9290123456790124,-0.9730603448275862,0.09586056644880174,1.6981019597605165,1.6981019597605165,2.3639996148482205,55.582317741703704,-369.74324410785516,28.252806028174966,28.252806028174966,14.022374845480234,2.3639996148482205,0.0017246593942749,6.082510662315662,1.6981019597605165
50,2012,12,,1.897058823529412,1.5987986743993372,0.5213338856669428,170.9489511119114,4.579845999330432,46.731642163911324,17.375292936056244,29.356349227855077,0.19321148825065276,0.06464391824975241,0.062303052129287835,0.03943459079859548,0.3670520231213873,0.013988247317322431,0.02817988805249952,0.026128983537230026,0.6329479768786127,1.0,0.062303052129287835,0.5036088400613183,1.014540307533938,0.12601214574898786,0,0.0,0,2.014540307533938,2.1351403306420607,5.179768786127168,19.651315789473685,0.6053190909586353,0.3547202350536536,2.591732165780571,-0.3211839861887579,8.004159338981223,0.1004566210045662,0.07337714954533177,-0.12392638036809815,0,0,-0.8897379912663755,-0.9346330275229358,0.1004566210045662,1.6844539350639258,1.6844539350639258,2.3572042417123082,59.775039983330146,-259.2224506207782,32.124500015581106,32.124500015581106,15.097951079813823,2.3572042417123082,0.0016805780645664345,19.775166040227944,1.6844539350639258
51,2013,03,,1.9111590507942733,1.632084722494607,0.6613061384585213,164.95480690221856,4.652208113271153,45.32599611655793,17.496347904258904,27.82964821229903,0.18752853099607414,0.05806628321007942,0.051492741714598736,0.03295900666484068,0.3599290780141844,0.011341501727929628,0.02240566037735849,0.02109909842504957,0.6400709219858156,1.0,0.051492741714598736,0.4938108702481935,0.9755461767626614,0.1099817709771861,0,0.0,0,1.9755461767626612,2.212727272727273,5.14393063583815,19.34565217391305,0.5976102138804016,0.34410933081998113,3.9684542586750786,2.258675078864353,10.637223974763408,0.12188365650969528,0.11485437779603762,0.5691573926868044,0,0,-2.321033210332103,-2.5261044176706826,0.12188365650969528,1.928999695878848,1.928999695878848,2.8375826805441435,86.09430221606648,43.40788142458101,24.705916613672496,24.705916613672496,21.921199841359897,2.8375826805441435,0.0014156994524888544,23.16618026521061,1.928999695878848
52,2013,06,,1.9606956521739132,1.7323478260869565,0.8551304347826088,161.002186270223,4.622387053270399,44.32155627058566,19.005394470667568,25.31616179991809,0.22186270222999566,0.0960209881941408,0.041276781810231734,0.0264975951027547,0.3580508474576271,0.009026722674054877,0.0174157949189562,0.016968041125930186,0.6419491525423728,1.0,0.041276781810231734,0.4816933297583937,0.9293596965168409,0.13601827481750012,0,0.0,0,1.9293596965168407,2.2670499603489294,4.735497605109099,19.470459518599558,0.618643150833153,0.340661959662764,5.407719548083321,2.4227341666938718,15.531400127293045,0.1485148514851485,0.14971578487101006,0.4480140186915888,0,0,-1.811640211640212,-1.9022222222222225,0.1485148514851485,1.6323679490225602,1.6323679490225602,2.483597514393922,93.72916692110395,37.0272980144648,16.58874858475146,16.58874858475146,23.83389410812321,2.483597514393922,0.001584510524991224,15.969511313699453,1.6323679490225602
53,2013,09,,2.0809342748506245,1.826181423139598,0.9226869455006336,165.21679970972426,4.602562648826397,45.34095161834743,19.17564349699512,26.165308121352318,0.20001814223512335,0.07211538461538461,0.06948476052249637,0.0443577648766328,0.3616187989556136,0.01452202060998426,0.027697536108751062,0.027211367673179398,0.6383812010443864,1.0,0.06948476052249637,0.4756926914738812,0.9072783913905408,0.1343042071197411,0,0.0,0,1.907278391390541,2.2092184368737477,4.693453964874934,19.554323725055436,0.5979280794055432,0.3273839574733466,2.933910374867971,1.1274553324304255,16.093872196261767,0.098159509202454,0.08427068214804062,0.38428417653390745,0,0,-1.6241258741258742,-1.7729007633587786,0.09815950920245398,1.7956996660895608,1.7956996660895608,2.875823440204209,64.8324695394912,88.80413894905098,34.12602540883875,34.12602540883875,16.488915194406246,2.875823440204209,0.0015140485916962086,20.464489264164012,1.7956996660895608
54,2013,12,,2.009988901220866,1.7225305216426192,0.7278949315575287,172.11304042795754,4.530666080457244,46.96949796680294,18.478786546493737,28.49071142030921,0.20213978777514688,0.07252477418223274,0.06945540647198106,0.043848110146452686,0.3686868686868687,0.014906684157176078,0.028517652426852218,0.028148990617003124,0.6313131313131313,1.0,0.06945540647198106,0.4772822133444636,0.9130781954029544,0.13511247040252564,0,0.0,0,1.9130781954029543,2.120699274688488,4.870449678800856,19.864628820960696,0.5963912133891214,0.33996183888855763,2.1316614420062696,-1.3730407523510972,12.335423197492164,0.094,0.059633429799175665,-0.6441176470588236,0,0,-0.6082289803220036,-0.6349206349206349,0.094,2.3566700393543605,2.3566700393543605,3.6235636060685774,82.6389916,-94.33674840182648,60.76396441176471,60.76396441176471,21.174167325622488,3.6235636060685774,0.0011374775778362715,27.220824830393486,2.3566700393543605
55,2014,03,,1.948794580593744,1.6415620641562063,0.6060968320382546,167.85284488098395,4.546746856205577,45.935119566585186,18.728266812465826,27.206852754119364,0.19077957702858156,0.05672064419077957,0.052561720201752066,0.033448367401114946,0.3636363636363637,0.011549390448837422,0.02482432521179484,0.02143630458318297,0.6363636363636364,1.0,0.052561720201752066,0.5347551101469644,1.1494056609969134,0.2372006812944595,0,0.0,0,2.149405660996913,2.1745237637098325,4.8055701523909615,19.794372294372295,0.5859994814622764,0.3452901096886553,3.1563517915309447,0.3420195439739413,9.908794788273617,0.12433862433862433,0.08574462436952482,0.108359133126935,0,0,-1.1215277777777777,-1.186046511627907,0.12433862433862433,2.5130773625796285,2.5130773625796285,3.3861276878152378,101.23446825396825,364.4440857142857,39.490845201238386,39.490845201238386,24.96303755338816,3.3861276878152378,0.0012282242054820142,30.904585460170146,2.5130773625796285
56,2014,06,,1.8228539156626504,1.5753012048192772,0.5474397590361446,168.3334741109891,4.563074901445466,46.069958928812646,19.425098554533513,26.644860374279137,0.2286510685024073,0.09992398006588396,0.0960385167666188,0.061660613227468526,0.3579595426561126,0.022074387662534015,0.04778425083458794,0.0409611643490165,0.6420404573438874,1.0,0.0960385167666188,0.5380405201088599,1.1646920206846894,0.23664617998301105,0,0.0,0,2.1646920206846896,2.168315018315018,4.633181126331811,19.723542116630668,0.6055754475703324,0.35799818566676744,5.90701922896624,2.477024077627006,10.188381920423382,0.06164383561643835,0.14241067657741366,0.4193357058125741,0,0,-1.7221654749744637,-1.8051391862955035,0.06164383561643835,2.52071962477256,2.52071962477256,3.2527268948095607,52.752100969384095,54.468223065983594,22.84047076373096,22.84047076373096,12.093711254045827,3.2527268948095607,0.001168556976568853,21.982034718065616,2.52071962477256
57,2014,09,,1.7950708325247429,1.5336697069668157,0.4688530952843004,171.4100479287915,4.690140845070423,46.9556321151834,19.23835319609968,27.717278919083718,0.21003081136597054,0.08447449503594659,0.08019513865114687,0.051865799383772684,0.35325506937033085,0.01859637278669408,0.040076714503009064,0.034154698549245466,0.6467449306296692,1.0,0.08019513865114687,0.5359806057630343,1.1550823358243505,0.2384669621273167,0,0.0,0,2.1550823358243503,2.1293967559686533,4.678155093765839,19.18918918918919,0.6015238879736409,0.35854788719427994,3.4669463506186604,0.9249897595336956,8.529676561196215,0.09405940594059406,0.08404655939746662,0.2668024439918534,0,0,-1.3638888888888892,-1.4811463046757165,0.09405940594059406,2.6404852724113947,2.6404852724113947,3.4172182304119048,65.88577195401436,152.39228169516295,40.65863320176446,40.65863320176446,14.98948299887094,3.4172182304119048,0.001427613324561846,25.79107314049615,2.6404852724113947
58,2014,12,,1.780784844384303,1.5190411753334625,0.4380436883819834,170.95904179579532,4.558416684400936,46.71270096281621,18.846563098531607,27.86613786428461,0.2128318954686322,0.08484797721752241,0.08133009464779295,0.05159561102269872,0.36560247167868176,0.01867572156196944,0.03958105763670244,0.034914242565891186,0.6343975283213182,1.0,0.08133009464779295,0.5281651709919961,1.1193857225470667,0.2332742142082964,0,0.0,0,2.119385722547067,2.1350143061516453,4.775406504065041,19.743697478991603,0.6001608606042327,0.3619633761823913,4.073170731707316,-0.003484320557491289,7.895470383275262,0.09253246753246754,0.09791439819080323,-0.000855431993156544,0,0,-0.9991452991452991,-1.050314465408805,0.09253246753246754,3.075353543661248,3.075353543661248,4.008855616048245,77.69760909090908,-47861.7272,40.94245269461078,40.94245269461078,17.911015107703538,4.008855616048245,0.0011909306942019429,30.24683125,3.075353543661248
59,2015,03,,1.9992370780087736,1.7283997711234027,0.6633606713713522,173.96381017412085,4.758912124823924,47.65409819515509,19.991331671903783,27.662766523251314,0.21227381358825534,0.08210993513144417,0.07758620689655173,0.049504950495049514,0.3619361936193619,0.016062922344078873,0.036222832875343496,0.029450834278308764,0.6380638063806381,1.0,0.07758620689655173,0.5565525645286363,1.255058705970522,0.3110154905335628,0,0.0,0,2.255058705970522,2.098137535816619,4.501951219512196,18.91188524590164,0.5736107711138311,0.3244710313503933,4.606271777003483,0.8466898954703833,12.118466898954706,0.09827586206896552,0.11283714578354387,0.1838124054462935,0,0,-1.2252085264133457,-1.2935420743639925,0.09827586206896552,2.980338702223333,2.980338702223333,4.0731634772960055,82.27790224137931,196.38347037037042,36.09771807866869,36.09771807866869,18.966873850020782,4.0731634772960055,0.0011944381102553256,31.89044814126395,2.980338702223333
60,2015,06,,1.836662749706228,1.5917408091321137,0.6316938056068491,172.31591546970446,4.06051820982062,46.54937407906282,16.845443015038956,29.703931064023863,0.08882284959550933,-0.0676077265973254,-0.09823344890209676,-0.06207693577678719,0.3680672268907563,-0.02028649275675093,-0.050156739811912224,-0.038248907174080735,0.6319327731092437,1.0,-0.09823344890209676,0.5955380506622785,1.4724204628826787,0.3259149357072206,0,0.0,0,2.4724204628826785,2.118202482951565,5.342691190706678,22.164658634538153,0.5803113772455091,0.32679597507351155,6.70254082736079,1.8234593376073995,13.323645606634257,-0.07446808510638298,0.15626547795938586,0.272054939249868,0,0,-1.3737300435413642,-1.4319213313161876,-0.07446808510638298,3.107310598370546,3.107310598370546,3.8457906390432233,-61.95200505501277,90.46195689586331,24.610622187728268,24.610622187728268,-14.05390977807575,3.8457906390432233,0.0012020286516999095,-113.03365192182754,3.107310598370546
61,2015,09,,1.83145106091718,1.5674195756331284,0.6062628336755647,166.96840133561363,4.6368243243243255,45.80711506461262,19.46896114864865,26.338153915963968,0.2286016776610473,0.093167196025735,0.08828080462578386,0.05635638081276977,0.3616236162361624,0.01857967512417774,0.04527906824576327,0.03452119359256075,0.6383763837638377,1.0,0.08828080462578386,0.5896630420190629,1.4370215271870703,0.3215696719492165,0,0.0,0,2.4370215271870705,2.1860423713726194,4.6227428013665195,19.409836065573767,0.5715682167295071,0.3296818364881192,4.394795788359185,0.11332269559024492,12.546947202382428,0.10260115606936417,0.10106686212232266,0.0257856567284448,0,0,-1.0264681555004136,-1.0905096660808435,0.10260115606936417,2.6210791649764835,2.6210791649764835,3.262313940739116,57.88721514210347,1251.8110274479875,32.2787694426556,32.2787694426556,13.129445576152602,3.262313940739116,0.0017724320615095305,24.419058525856926,2.6210791649764835
62,2015,12,,1.8739707612166023,1.5983868257435725,0.6128381784574021,171.90436039508552,4.628142275998748,47.01551881177326,19.986439970793786,27.02907884097948,0.2301453465028507,0.09130330040953986,0.08471854171685538,0.05548863727615835,0.3450236966824645,0.018008391754189362,0.04609739826551034,0.03254164096236891,0.6549763033175355,1.0,0.08471854171685538,0.6093403872716374,1.5597731821214142,0.36133952537173536,0,0.0,0,2.5597731821214142,2.1232736572890025,4.503053076561767,19.44624746450304,0.5589819552922165,0.32454197180162103,4.286219081272085,-0.4946996466431096,12.886925795053005,0.10130246020260493,0.09740624749056452,-0.11541632316570488,0,0,-0.8965262379896526,-0.9454403741231489,0.10130246020260493,2.8239473115410267,2.8239473115410267,3.3992588291977834,61.2604489146165,-302.36407285714284,34.89774954657873,34.89774954657873,13.925065897860616,3.3992588291977834,0.0016536356164121185,26.34914536312849,2.8239473115410267
63,2016,03,,1.7236908570466407,1.4270079137902003,0.4783633608351575,162.51066856330016,4.37902483900644,44.450148594340725,18.620055197792087,25.830093396548637,0.2268847795163585,0.06827880512091039,0.06179864074600916,0.040066382171645334,0.3516624040920716,0.013405959967212248,0.035387729461855234,0.02452948557089084,0.6483375959079284,1.0,0.06179864074600916,0.621169253549803,1.6397012633489216,0.3717330292931065,0,0.0,0,2.6397012633489214,2.246006389776358,4.833498023715415,20.552521008403357,0.5611032280950692,0.3345937227319601,4.88,1.2436363636363637,10.33090909090909,0.13609467455621302,0.10605342184289553,0.2548435171385991,0,0,-1.3419999999999999,-1.4414607948442535,0.13609467455621302,2.483071298946045,2.483071298946045,2.811361032084716,70.16757889546349,104.02035818713449,26.508913934426232,26.508913934426232,15.498862808234911,2.811361032084716,0.0019395663452912988,26.988187622789784,2.483071298946045
64,2016,06,,1.4971278721278718,1.3469030969030968,0.4413086913086913,203.94329301178828,3.9874944171505136,54.27488173512571,23.66770879857079,30.607172936554925,0.13745280838277216,-0.005239232606518222,-0.013945604437938209,-0.0053933276831805215,0.6132596685082873,-0.0015196248697464398,-0.005078351712130006,-0.0047561488332982975,0.3867403314917127,1.0,-0.013945604437938209,0.7007641542202153,2.341845618107951,0.5009774817174716,0,0.0,0,3.341845618107951,1.7897131825703254,3.8026494565217392,22.570564516129032,0.5344671388568605,0.2817601597777006,7.200846906970552,2.4705834576216956,13.309515151272974,-0.9571428571428572,0.14731489328915942,0.34309623430962344,0,0,-1.5222929936305734,-1.6080740117746004,-0.9571428571428572,3.008648321569233,3.008648321569233,3.195254523808483,-592.4458352072901,63.21830558614375,21.689962586040956,21.689962586040956,-126.35243317878334,3.195254523808483,0.0016155786744757245,86.58061616138845,3.008648321569233
65,2016,09,,1.5254214610650254,1.3676746052983677,0.3999197217018999,180.04808020186863,4.067796610169491,48.4632136462467,22.650953389830512,25.81226025641619,0.22744322444247425,0.0862033690240742,0.07788310714042147,0.04876219054763691,0.3739054290718039,0.01568842567196928,0.05055861971432612,0.029972966588803444,0.6260945709281961,1.0,0.07788310714042147,0.6896982995063082,2.222670060811766,0.492700075330918,0,0.0,0,3.222670060811766,2.027236278169501,3.9733426867765695,22.125,0.5911546524754072,0.3217334064728469,3.6096654275092943,-0.9070631970260224,11.111524163568774,0.14825174825174825,0.06622110072972788,-0.2512873326467559,0,0,-0.7991769547325103,-0.8755635707844905,0.14825174825174825,2.9775743529910903,2.9775743529910903,2.8717763418127262,58.8935055944056,-172.57728073770488,43.36648455200824,43.36648455200824,12.724781530036228,2.8717763418127262,0.0025172851701636685,26.387846480279578,2.9775743529910903
66,2016,12,,1.5437427949276292,1.3621109260919688,0.3918278468041501,185.17681334137032,4.024042203580386,49.68407836994567,22.99230303554441,26.691775334401253,0.2255709597481749,0.07815953385573639,0.07219878105954056,0.04688232536333802,0.35064935064935066,0.015103132821265209,0.04817287179134265,0.02797021353882878,0.6493506493506493,1.0,0.07219878105954056,0.6864805385345646,2.18959465969307,0.4825879504344111,0,0.0,0,3.18959465969307,1.9710891089108908,3.9143534190927567,22.365570599613157,0.5899948630813608,0.3221498230775869,6.162962962962962,0.7333333333333333,11.329629629629625,0.15285714285714286,0.11144598486370637,0.1189903846153846,0,0,-1.1350613915416101,-1.224429727740986,0.15285714285714286,3.3884154566100064,3.3884154566100064,3.2976401446654613,70.33866428571429,248.67204545454547,29.58958233173077,29.58958233173077,15.254168158347678,3.2976401446654613,0.002173159590239589,31.32200576822234,3.3884154566100064
67,2017,03,,1.6024161073825502,1.4216107382550336,0.4259060402684564,180.540774821631,4.015408059600406,48.53231144027654,20.625634947511006,27.90667649276553,0.21237580849503235,0.06834700273388011,0.0599453223978129,0.037474161498966464,0.37486095661846497,0.012013424253436223,0.03701264488935722,0.022857288144211944,0.625139043381535,1.0,0.0599453223978129,0.6754237831598299,2.080940463645943,0.49212295548048296,0,0.0,0,3.0809404636459434,2.0217039633324347,4.363502031769486,22.413662239089184,0.5855229766134384,0.3205788674889378,0.03759398496240601,-4.131578947368421,11.928571428571427,0.18861209964412806,0.0006668000266720009,-109.9,0,0,-0.009017132551848512,-0.009970089730807577,0.1886120996441281,3.2230496838777665,3.2230496838777665,3.2632384076815364,87.07969110320283,-44.53028789808917,4893.87864,4893.87864,18.60497817947948,3.2632384076815364,0.002165971161066634,33.84375288192501,3.2230496838777665
68,2017,06,,1.5948471836322304,1.460974993685274,0.5012629451881788,176.35013987792473,3.9113891942166235,47.39498532849943,20.94191257292636,26.45307275557307,0.24802899287894198,0.10052136317395728,0.09282807731434384,0.06485249237029501,0.3013698630136986,0.02100840336134454,0.06346046164375037,0.03593050155042575,0.6986301369863014,1.0,0.09282807731434384,0.6689528752677542,2.0207179742425185,0.4812148989735976,0,0.0,0,3.0207179742425185,2.0697460192130546,4.297601744186046,23.009727626459146,0.6053654593741581,0.3239413412423793,8.517937288552456,3.5749242274493684,14.795489320903592,0.10490196078431373,0.1452822990844354,0.4196936542669584,0,0,-1.7232277526395174,-1.8744872846595568,0.10490196078431374,3.090713513926634,3.090713513926634,3.1585095567995167,48.70297873464981,51.80087414947112,21.74049816601436,21.74049816601436,10.493924581135524,3.1585095567995167,0.0021539126252596353,25.373394018142648,3.090713513926634
69,2017,09,,1.6331193838254172,1.4774069319640566,0.4496790757381258,191.03026737268746,3.899244332493703,51.00259793123857,22.201511335012594,28.801086596225964,0.22141596391449306,0.07302085376217557,0.06419559390730209,0.03896188795188599,0.3930753564154785,0.012077001013171228,0.03586472499699121,0.023628488931665064,0.6069246435845214,1.0,0.06419559390730209,0.6632624113475177,1.9696714406065712,0.4766808376633601,0,0.0,0,2.9696714406065716,1.9106919810142395,4.053778080326753,23.08139534883721,0.5830760434534019,0.3099696048632219,2.169117647058824,-1.6691176470588236,12.878676470588234,0.22483221476510068,0.03856965418055828,-0.7694915254237288,0,0,-0.5651340996168582,-0.6483516483516484,0.22483221476510065,3.3602033457696474,3.3602033457696474,3.6503797607373993,93.69103892617449,-122.9952845814978,94.64382915254238,94.64382915254238,20.469046255357,3.6503797607373993,0.002399719517917409,36.120909635974314,3.3602033457696474
70,2017,12,,1.5656983104412299,1.3884769660872736,0.3364531420931081,193.65383436523015,3.790297092288243,51.54055762070117,22.37910872313527,29.16144889756589,0.22417703671918104,0.07736161343713603,0.06982161466315209,0.047508122356402865,0.31957857769973663,0.015413376822258903,0.0454412195836998,0.02708422504399106,0.6804214223002634,1.0,0.06982161466315209,0.6608062687695153,1.9481676927587217,0.4709167054443928,0,0.0,0,2.9481676927587217,1.8848064702484115,4.021607880521131,23.744840525328325,0.5977647489923049,0.32443666593743165,3.3382352941176467,-2.459558823529412,10.176470588235292,0.17290322580645162,0.055661129160792015,-0.736784140969163,0,0,-0.5757767913760304,-0.6292446292446292,0.17290322580645162,3.543250143652888,3.543250143652888,3.7044155704039716,77.9743628387097,-90.32904514200298,66.55300792951542,66.55300792951542,17.03536280492292,3.7044155704039716,0.002217436853752851,36.096199801783946,3.543250143652888
71,2018,03,,1.4284962643375776,1.205934967904872,0.29348626749447543,191.5112549921336,3.5884729740032015,50.81042625973478,21.283830144087826,29.526596115646964,0.2062810117390778,0.06057122110613579,0.0528863608858768,0.12549921336076486,-1.3729977116704806,0.039999228558754894,0.10977029744892558,0.020638518938320586,2.372997711670481,1.0,0.0528863608858768,0.6356097278741007,1.744310363078226,0.4587952221362894,0,0.0,0,2.7443103630782257,1.9058932072425323,4.22856221792392,25.080305927342252,0.5966711196158428,0.31872095041561405,-1.2307692307692308,-6.26007326007326,10.216117216117217,0.06460945033751206,-0.020331598692968654,5.086309523809524,0,0,0.2447195921340131,0.2711864406779661,0.06460945033751206,3.424634296602096,3.424634296602096,3.91534796078906,31.198187270973968,-37.86134605032183,-192.574525,-192.574525,6.841048293153328,3.91534796078906,0.002070936037928816,43.611102630106316,3.424634296602096
72,2018,06,,1.3857899657214086,1.2201101069907552,0.33915030642983274,178.789707750953,3.615979184204485,47.701112602247676,20.50432386928905,27.196788732958638,0.24529282661430055,0.10800508259212198,0.07843363751877094,0.06509183319856764,0.17010309278350516,0.021536403592585514,0.05804491141326741,0.031801044423108445,0.8298969072164949,1.0,0.07843363751877094,0.6289699980890503,1.6951998351874742,0.4397991863585216,0,0.0,0,2.6951998351874744,2.041504539559014,4.389318105475311,24.889523809523805,0.6149747815585708,0.33086183833365185,13.2067391673527,6.930529694029334,12.277905290833305,0.11801242236024845,0.20284163105001726,0.5247722095671982,0,0,-2.1042540443379267,-2.286458333333333,0.11801242236024842,3.2887339682832715,3.2887339682832715,3.6880015437327014,56.65843720336113,34.6468034336343,18.181679592308658,18.181679592308658,12.101916343738036,3.6880015437327014,0.0020828746464833237,32.50409718310673,3.2887339682832715
73,2018,09,,1.3159483656048303,1.1539662710805747,0.24661669789714766,186.56697161623268,3.4663819132483975,49.469196832319476,20.321084026806094,29.148112805513378,0.20367112362186252,0.06280788177339902,0.06456720619282195,0.04896786300727187,0.2415985467756585,0.016088321997649372,0.0435508266833568,0.026031445797375576,0.7584014532243415,1.0,0.06456720619282195,0.6305851525018786,1.706983779272936,0.4428720869413611,0,0.0,0,2.706983779272936,1.9564020192748968,4.428897586431833,25.963671128107077,0.5925153757948504,0.3285485828789426,2.6452830188679246,-1.8037735849056604,8.939622641509434,0.20718562874251495,0.04110954726718274,-0.6818830242510698,0,0,-0.5945716709075488,-0.6968190854870775,0.20718562874251492,3.2585421686746985,3.2585421686746985,3.6638534482758622,74.82159161676647,-130.70298953974896,89.12414978601997,89.12414978601997,15.925880946540651,3.6638534482758622,0.0027690620349766467,40.10006865353912,3.2585421686746985
74,2018,12,,1.415122156697557,1.2316764953664698,0.22356781802864364,196.03596274685813,3.3383073971434665,51.6759420470537,21.743764655723723,29.932177391329976,0.21044658886894074,0.06552962298025135,0.06603456014362658,0.052457360861759415,0.20560747663551399,0.017545834975323242,0.048460661345496016,0.026876441440412853,0.794392523364486,1.0,0.06603456014362658,0.6379365347445064,1.7619467191873122,0.4594458297145098,0,0.0,0,2.761946719187312,1.861903269612452,4.139117647058823,26.959770114942533,0.6065266954775921,0.33447803486648275,5.556390977443608,0.08646616541353383,7.981203007518798,0.0,0.08292190305206464,0.015561569688768604,0,0,-1.0158075601374572,0.0,0.0,3.059213693376179,3.059213693376179,3.3115164385098743,63.127774331550796,2566.281260869565,39.935364682002714,39.935364682002714,13.487540539913663,3.3115164385098743,0.0,36.72368186372746,3.059213693376179
75,2019,03,,1.4585133967156438,1.2866248919619707,0.31028522039757994,193.91563786008228,3.610049955921246,51.42486477073607,20.86688216279753,30.557982607938534,0.19976484420928867,0.053791887125220456,0.05473251028806585,0.043445032333921225,0.20622986036519872,0.013568595769682728,0.037146878455815824,0.020593700230047782,0.7937701396348013,1.0,0.05473251028806585,0.6347311985898942,1.7377098622700309,0.4639469713300281,0,0.0,0,2.737709862270031,1.8822618125484119,4.313054499366286,24.930402930402927,0.5714189733942489,0.31231639247943593,4.383141762452107,0.08045977011494253,11.003831417624523,0.4614343707713126,0.06725455614344503,0.01835664335664336,0,0,-1.018699910952805,-1.462915601023018,0.4614343707713126,2.3079502915451893,2.3079502915451893,2.6992570899470896,62.130396617050074,2186.398242857143,40.13493277972028,40.13493277972028,13.02492651971893,2.6992570899470896,0.0074268698720117935,34.045402881355926,2.3079502915451893
76,2019,06,,1.4519028070564741,1.2687229557306114,0.2572950183068901,186.8557308923457,3.6590207322452577,49.73303656871406,20.048522276135863,29.6845142925782,0.2361430897961476,0.0916493513786713,-0.14342674229235694,-0.11057449317684057,0.2290524667188724,-0.03619285701156186,-0.11088584783465676,-0.056267900418594405,0.7709475332811276,1.0,-0.14342674229235694,0.6736025586824256,2.0637495072365826,0.4834176994239832,0,0.0,0,3.0637495072365826,1.9533786748573936,4.4891089108910895,24.596745027124772,0.5851983305399454,0.3273165082807933,8.780391705926968,2.13566732759883,8.891584439320802,-0.08583037074657186,0.12860111192227774,0.2432314410480349,0,0,-1.3214079630698212,-1.4641943734015346,-0.08583037074657186,2.2106865201156727,2.2106865201156727,2.2044791676135227,-19.936597530570847,70.47605123463914,17.141991501176413,17.141991501176413,-4.176411488159124,2.2044791676135227,0.004305166446529268,-73.46112556610973,2.2106865201156727
77,2019,09,,1.3102164066431807,1.1777554101660794,0.240463009562154,199.37118723603942,3.81198347107438,52.97200224160465,21.112012987012985,31.859989254591664,0.2050680431722196,0.05730877522290005,0.058423275457531676,0.043700140778977006,0.2520080321285141,0.010883538830129142,0.04101067929098316,0.01702069484081549,0.7479919678714859,1.0,0.058423275457531676,0.7346169578682873,2.768138280303865,0.5063318658622751,0,0.0,0,3.768138280303865,1.8307560137457044,4.2629757785467115,23.609756097560968,0.3752668999977988,0.24905042949804246,2.165495116561301,-3.2693227157996274,9.156403245070702,0.22818791946308725,0.033141717503519484,-1.5097345132743365,0,0,-0.39844851904090267,-0.45272435897435903,0.22818791946308725,2.231035923048668,2.231035923048668,2.3773462328778803,54.401340373291426,-47.51348016190165,71.73274084619842,71.73274084619842,11.400699218320995,2.3773462328778803,0.0041945275226181215,30.588361302856736,2.231035923048668
78,2019,12,,1.251351095098132,1.1131127334787143,0.19256660661799566,204.5592819210344,3.6891545687446623,54.128429562972315,21.02690008539709,33.101529477575234,0.18887093050103895,0.035788501500808124,0.033017778803971366,0.032325098129762184,0.02097902097902098,0.00800526059982274,0.030012326491237477,0.009628494958506574,0.9790209790209792,1.0,0.033017778803971366,0.7332675758355491,2.7490755131571896,0.4991948038005261,0,0.0,0,3.7490755131571896,1.784323823256772,4.280231495583308,24.39583333333333,0.3725190839694657,0.2476484546988021,5.781609195402299,-1.2988505747126438,7.781609195402299,0.3017857142857143,0.08710459478180559,-0.22465208747514911,0,0,-0.8165584415584416,-0.8987492555092317,0.3017857142857143,2.201266922128731,2.201266922128731,2.3708981470791963,73.34542767857144,-121.16058849557524,27.218979125248502,27.218979125248502,15.376029416953529,2.3708981470791963,0.004114581151646674,36.32100787649654,2.201266922128731
79,2020,03,,1.2146246973365618,1.073995157384988,0.1710411622276029,194.5956996626065,3.5561739130434784,51.53867519971357,19.990956521739133,31.547718677974448,0.1779607708583519,0.02350317378624121,0.02401784182535598,0.01801338136901699,0.25,0.004499100179964007,0.016727736179703682,0.007036472381845902,0.75,1.0,0.02401784182535598,0.7310395063844374,2.7180181615421386,0.5018781081367051,0,0.0,0,3.7180181615421386,1.8756837927705676,4.502035703100534,25.308098591549296,0.3698056548311375,0.24976433284771615,4.613026819923372,-0.9003831417624522,6.766283524904216,0.5396825396825397,0.06885114656602047,-0.1951827242524917,0,0,-0.8366921473245309,-0.9487785657998424,0.5396825396825397,1.9320223195794168,1.9320223195794168,2.080511940298507,115.49813428571429,-154.81664808510638,30.21753513289036,30.21753513289036,24.21286188640275,2.080511940298507,0.004672651580219438,40.628439954511,1.9320223195794168
80,2020,06,,1.5838167053364267,1.4484725444702242,0.4718677494199536,212.4225141145293,3.705196487692529,56.08335065291894,21.17532747948755,34.90802317343139,0.19956216153934786,0.048623113261896535,-0.018377693282636248,-0.019241848139186543,-0.047021943573667714,-0.0045419312726926574,-0.018256354195135282,-0.005048027471397149,1.0470219435736676,1.0,-0.018377693282636248,0.7512136747487659,3.019513528286417,0.5404767287067038,0,0.0,0,4.019513528286417,1.7182736091862998,4.250229427959621,24.29020979020979,0.36523934771173067,0.23604444021376994,6.942748091603052,2.50381679389313,18.629770992366414,-0.5089820359281437,0.10479317893766564,0.3606377130291369,0,0,-1.5640584694754944,-1.8318227593152063,-0.5089820359281437,1.8434145285597157,1.8434145285597157,1.94292365479894,-100.97385868263471,51.41047073170733,18.540554590434304,18.540554590434304,-21.249117248875738,1.94292365479894,0.005040730765057683,30.91606433394721,1.8434145285597157
81,2020,09,,1.6885216614560072,1.5598034836980794,0.6211701652523448,198.51042906681852,3.5433541362368874,52.491131166411314,19.95153366086841,32.5395975055429,0.22043372496247607,0.08229387712851302,0.08312199161534083,0.06443765850628849,0.22478206724782068,0.01603389655882959,0.06397081492138526,0.024167456698719395,0.7752179327521793,1.0,0.08312199161534083,0.749356068411292,2.9897235638680506,0.5438522476913702,0,0.0,0,3.9897235638680506,1.838694328130948,4.510931416591794,25.39966273187184,0.3962631773247467,0.24882804450855145,10.118320610687023,4.683206106870228,26.54198473282443,0.13654618473895586,0.13720821903628178,0.4628442097321766,0,0,-1.8616573033707864,-2.1140350877192984,0.13654618473895586,2.9595148983660473,2.9595148983660473,2.9811127246001763,46.26351723052209,46.942199634881824,21.726925293096947,21.726925293096947,9.735776316784568,2.9811127246001763,0.002951487325500411,29.351382731319557,2.9595148983660473
